GLEON,EML,04050-metadata.xml,Abstract,
GLEON,EML,04050-metadata.xml,Author / Originator,
GLEON,EML,04050-metadata.xml,Author / Originator,
GLEON,EML,04050-metadata.xml,Bounding Box,
GLEON,EML,04050-metadata.xml,Contributor Name,
GLEON,EML,04050-metadata.xml,Easternmost Longitude,
GLEON,EML,04050-metadata.xml,End Time,
GLEON,EML,04050-metadata.xml,Keyword,
GLEON,EML,04050-metadata.xml,Metadata Contact,
GLEON,EML,04050-metadata.xml,Northernmost Latitude,
GLEON,EML,04050-metadata.xml,Originating Organization,
GLEON,EML,04050-metadata.xml,Originating Organization,
GLEON,EML,04050-metadata.xml,Publication Date,
GLEON,EML,04050-metadata.xml,Resource Access Constraints,
GLEON,EML,04050-metadata.xml,Resource Contact,
GLEON,EML,04050-metadata.xml,Resource Distribution,
GLEON,EML,04050-metadata.xml,Resource Distribution,
GLEON,EML,04050-metadata.xml,Resource Identifier,
GLEON,EML,04050-metadata.xml,Resource Title,
GLEON,EML,04050-metadata.xml,Resource Use Constraints,
GLEON,EML,04050-metadata.xml,Southernmost Latitude,
GLEON,EML,04050-metadata.xml,Spatial Extent,
GLEON,EML,04050-metadata.xml,Start Time,
GLEON,EML,04050-metadata.xml,Temporal Extent,
GLEON,EML,04050-metadata.xml,Theme Keyword,
GLEON,EML,04050-metadata.xml,Westernmost Longitude,
GLEON,EML,04051-metadata.xml,Abstract,
GLEON,EML,04051-metadata.xml,Attribute Definition,
GLEON,EML,04051-metadata.xml,Attribute Definition,
GLEON,EML,04051-metadata.xml,Attribute Definition,
GLEON,EML,04051-metadata.xml,Attribute Definition,
GLEON,EML,04051-metadata.xml,Attribute Definition,
GLEON,EML,04051-metadata.xml,Attribute Definition,
GLEON,EML,04051-metadata.xml,Attribute Definition,
GLEON,EML,04051-metadata.xml,Attribute Definition,
GLEON,EML,04051-metadata.xml,Attribute List,
GLEON,EML,04051-metadata.xml,Attribute List,
GLEON,EML,04051-metadata.xml,Author / Originator,
GLEON,EML,04051-metadata.xml,Author / Originator,
GLEON,EML,04051-metadata.xml,Bounding Box,
GLEON,EML,04051-metadata.xml,Easternmost Longitude,
GLEON,EML,04051-metadata.xml,Entity Type Definition,
GLEON,EML,04051-metadata.xml,Entity Type Definition,
GLEON,EML,04051-metadata.xml,Keyword,
GLEON,EML,04051-metadata.xml,Keyword,
GLEON,EML,04051-metadata.xml,Keyword,
GLEON,EML,04051-metadata.xml,Keyword,
GLEON,EML,04051-metadata.xml,Keyword,
GLEON,EML,04051-metadata.xml,Maintenance,
GLEON,EML,04051-metadata.xml,Metadata Contact,
GLEON,EML,04051-metadata.xml,Northernmost Latitude,
GLEON,EML,04051-metadata.xml,Originating Organization,
GLEON,EML,04051-metadata.xml,Originating Organization,
GLEON,EML,04051-metadata.xml,Process Step,
GLEON,EML,04051-metadata.xml,Project Description,
GLEON,EML,04051-metadata.xml,Publication Date,
GLEON,EML,04051-metadata.xml,Publisher,
GLEON,EML,04051-metadata.xml,Resource Access Constraints,
GLEON,EML,04051-metadata.xml,Resource Contact,
GLEON,EML,04051-metadata.xml,Resource Contact,
GLEON,EML,04051-metadata.xml,Resource Distribution,
GLEON,EML,04051-metadata.xml,Resource Distribution,
GLEON,EML,04051-metadata.xml,Resource Distribution,
GLEON,EML,04051-metadata.xml,Resource Format,
GLEON,EML,04051-metadata.xml,Resource Format,
GLEON,EML,04051-metadata.xml,Resource Identifier,
GLEON,EML,04051-metadata.xml,Resource Title,
GLEON,EML,04051-metadata.xml,Resource Use Constraints,
GLEON,EML,04051-metadata.xml,Resource on-line Link,
GLEON,EML,04051-metadata.xml,Southernmost Latitude,
GLEON,EML,04051-metadata.xml,Spatial Extent,
GLEON,EML,04051-metadata.xml,Temporal Extent,
GLEON,EML,04051-metadata.xml,Theme Keyword,
GLEON,EML,04051-metadata.xml,Theme Keyword,
GLEON,EML,04051-metadata.xml,Theme Keyword,
GLEON,EML,04051-metadata.xml,Theme Keyword,
GLEON,EML,04051-metadata.xml,Theme Keyword,
GLEON,EML,04051-metadata.xml,Westernmost Longitude,
GLEON,EML,04052-metadata.xml,Abstract,
GLEON,EML,04052-metadata.xml,Author / Originator,
GLEON,EML,04052-metadata.xml,Author / Originator,
GLEON,EML,04052-metadata.xml,Bounding Box,
GLEON,EML,04052-metadata.xml,Contributor Name,
GLEON,EML,04052-metadata.xml,Easternmost Longitude,
GLEON,EML,04052-metadata.xml,End Time,
GLEON,EML,04052-metadata.xml,Metadata Contact,
GLEON,EML,04052-metadata.xml,Northernmost Latitude,
GLEON,EML,04052-metadata.xml,Originating Organization,
GLEON,EML,04052-metadata.xml,Publication Date,
GLEON,EML,04052-metadata.xml,Resource Access Constraints,
GLEON,EML,04052-metadata.xml,Resource Contact,
GLEON,EML,04052-metadata.xml,Resource Distribution,
GLEON,EML,04052-metadata.xml,Resource Distribution,
GLEON,EML,04052-metadata.xml,Resource Identifier,
GLEON,EML,04052-metadata.xml,Resource Title,
GLEON,EML,04052-metadata.xml,Resource Use Constraints,
GLEON,EML,04052-metadata.xml,Southernmost Latitude,
GLEON,EML,04052-metadata.xml,Spatial Extent,
GLEON,EML,04052-metadata.xml,Start Time,
GLEON,EML,04052-metadata.xml,Temporal Extent,
GLEON,EML,04052-metadata.xml,Westernmost Longitude,
GLEON,EML,04053-metadata.xml,Abstract,
GLEON,EML,04053-metadata.xml,Attribute Definition,
GLEON,EML,04053-metadata.xml,Attribute Definition,
GLEON,EML,04053-metadata.xml,Attribute Definition,
GLEON,EML,04053-metadata.xml,Attribute Definition,
GLEON,EML,04053-metadata.xml,Attribute Definition,
GLEON,EML,04053-metadata.xml,Attribute Definition,
GLEON,EML,04053-metadata.xml,Attribute Definition,
GLEON,EML,04053-metadata.xml,Attribute Definition,
GLEON,EML,04053-metadata.xml,Attribute Definition,
GLEON,EML,04053-metadata.xml,Attribute Definition,
GLEON,EML,04053-metadata.xml,Attribute Definition,
GLEON,EML,04053-metadata.xml,Attribute Definition,
GLEON,EML,04053-metadata.xml,Attribute Definition,
GLEON,EML,04053-metadata.xml,Attribute Definition,
GLEON,EML,04053-metadata.xml,Attribute Definition,
GLEON,EML,04053-metadata.xml,Attribute Definition,
GLEON,EML,04053-metadata.xml,Attribute Definition,
GLEON,EML,04053-metadata.xml,Attribute Definition,
GLEON,EML,04053-metadata.xml,Attribute Definition,
GLEON,EML,04053-metadata.xml,Attribute Definition,
GLEON,EML,04053-metadata.xml,Attribute Definition,
GLEON,EML,04053-metadata.xml,Attribute Definition,
GLEON,EML,04053-metadata.xml,Attribute Definition,
GLEON,EML,04053-metadata.xml,Attribute Definition,
GLEON,EML,04053-metadata.xml,Attribute Definition,
GLEON,EML,04053-metadata.xml,Attribute Definition,
GLEON,EML,04053-metadata.xml,Attribute Definition,
GLEON,EML,04053-metadata.xml,Attribute Definition,
GLEON,EML,04053-metadata.xml,Attribute Definition,
GLEON,EML,04053-metadata.xml,Attribute Definition,
GLEON,EML,04053-metadata.xml,Attribute Definition,
GLEON,EML,04053-metadata.xml,Attribute Definition,
GLEON,EML,04053-metadata.xml,Attribute Definition,
GLEON,EML,04053-metadata.xml,Attribute Definition,
GLEON,EML,04053-metadata.xml,Attribute Definition,
GLEON,EML,04053-metadata.xml,Attribute Definition,
GLEON,EML,04053-metadata.xml,Attribute Definition,
GLEON,EML,04053-metadata.xml,Attribute Definition,
GLEON,EML,04053-metadata.xml,Attribute Definition,
GLEON,EML,04053-metadata.xml,Attribute Definition,
GLEON,EML,04053-metadata.xml,Attribute Definition,
GLEON,EML,04053-metadata.xml,Attribute Definition,
GLEON,EML,04053-metadata.xml,Attribute Definition,
GLEON,EML,04053-metadata.xml,Attribute Definition,
GLEON,EML,04053-metadata.xml,Attribute Definition,
GLEON,EML,04053-metadata.xml,Attribute Definition,
GLEON,EML,04053-metadata.xml,Attribute Definition,
GLEON,EML,04053-metadata.xml,Attribute Definition,
GLEON,EML,04053-metadata.xml,Attribute Definition,
GLEON,EML,04053-metadata.xml,Attribute Definition,
GLEON,EML,04053-metadata.xml,Attribute Definition,
GLEON,EML,04053-metadata.xml,Attribute Definition,
GLEON,EML,04053-metadata.xml,Attribute Definition,
GLEON,EML,04053-metadata.xml,Attribute Definition,
GLEON,EML,04053-metadata.xml,Attribute Definition,
GLEON,EML,04053-metadata.xml,Attribute Definition,
GLEON,EML,04053-metadata.xml,Attribute Definition,
GLEON,EML,04053-metadata.xml,Attribute Definition,
GLEON,EML,04053-metadata.xml,Attribute Definition,
GLEON,EML,04053-metadata.xml,Attribute Definition,
GLEON,EML,04053-metadata.xml,Attribute Definition,
GLEON,EML,04053-metadata.xml,Attribute Definition,
GLEON,EML,04053-metadata.xml,Attribute Definition,
GLEON,EML,04053-metadata.xml,Attribute Definition,
GLEON,EML,04053-metadata.xml,Attribute Definition,
GLEON,EML,04053-metadata.xml,Attribute Definition,
GLEON,EML,04053-metadata.xml,Attribute Definition,
GLEON,EML,04053-metadata.xml,Attribute Definition,
GLEON,EML,04053-metadata.xml,Attribute Definition,
GLEON,EML,04053-metadata.xml,Attribute Definition,
GLEON,EML,04053-metadata.xml,Attribute Definition,
GLEON,EML,04053-metadata.xml,Attribute Definition,
GLEON,EML,04053-metadata.xml,Attribute Definition,
GLEON,EML,04053-metadata.xml,Attribute Definition,
GLEON,EML,04053-metadata.xml,Attribute Definition,
GLEON,EML,04053-metadata.xml,Attribute Definition,
GLEON,EML,04053-metadata.xml,Attribute Definition,
GLEON,EML,04053-metadata.xml,Attribute Definition,
GLEON,EML,04053-metadata.xml,Attribute Definition,
GLEON,EML,04053-metadata.xml,Attribute Definition,
GLEON,EML,04053-metadata.xml,Attribute Definition,
GLEON,EML,04053-metadata.xml,Attribute Definition,
GLEON,EML,04053-metadata.xml,Attribute Definition,
GLEON,EML,04053-metadata.xml,Attribute Definition,
GLEON,EML,04053-metadata.xml,Attribute Definition,
GLEON,EML,04053-metadata.xml,Attribute Definition,
GLEON,EML,04053-metadata.xml,Attribute Definition,
GLEON,EML,04053-metadata.xml,Attribute Definition,
GLEON,EML,04053-metadata.xml,Attribute Definition,
GLEON,EML,04053-metadata.xml,Attribute Definition,
GLEON,EML,04053-metadata.xml,Attribute Definition,
GLEON,EML,04053-metadata.xml,Attribute Definition,
GLEON,EML,04053-metadata.xml,Attribute Definition,
GLEON,EML,04053-metadata.xml,Attribute Definition,
GLEON,EML,04053-metadata.xml,Attribute Definition,
GLEON,EML,04053-metadata.xml,Attribute Definition,
GLEON,EML,04053-metadata.xml,Attribute Definition,
GLEON,EML,04053-metadata.xml,Attribute Definition,
GLEON,EML,04053-metadata.xml,Attribute Definition,
GLEON,EML,04053-metadata.xml,Attribute Definition,
GLEON,EML,04053-metadata.xml,Attribute Definition,
GLEON,EML,04053-metadata.xml,Attribute Definition,
GLEON,EML,04053-metadata.xml,Attribute Definition,
GLEON,EML,04053-metadata.xml,Attribute Definition,
GLEON,EML,04053-metadata.xml,Attribute Definition,
GLEON,EML,04053-metadata.xml,Attribute Definition,
GLEON,EML,04053-metadata.xml,Attribute Definition,
GLEON,EML,04053-metadata.xml,Attribute Definition,
GLEON,EML,04053-metadata.xml,Attribute Definition,
GLEON,EML,04053-metadata.xml,Attribute Definition,
GLEON,EML,04053-metadata.xml,Attribute Definition,
GLEON,EML,04053-metadata.xml,Attribute Definition,
GLEON,EML,04053-metadata.xml,Attribute Definition,
GLEON,EML,04053-metadata.xml,Attribute Definition,
GLEON,EML,04053-metadata.xml,Attribute Definition,
GLEON,EML,04053-metadata.xml,Attribute Definition,
GLEON,EML,04053-metadata.xml,Attribute Definition,
GLEON,EML,04053-metadata.xml,Attribute Definition,
GLEON,EML,04053-metadata.xml,Attribute Definition,
GLEON,EML,04053-metadata.xml,Attribute Definition,
GLEON,EML,04053-metadata.xml,Attribute Definition,
GLEON,EML,04053-metadata.xml,Attribute Definition,
GLEON,EML,04053-metadata.xml,Attribute Definition,
GLEON,EML,04053-metadata.xml,Attribute Definition,
GLEON,EML,04053-metadata.xml,Attribute Definition,
GLEON,EML,04053-metadata.xml,Attribute Definition,
GLEON,EML,04053-metadata.xml,Attribute Definition,
GLEON,EML,04053-metadata.xml,Attribute Definition,
GLEON,EML,04053-metadata.xml,Attribute Definition,
GLEON,EML,04053-metadata.xml,Attribute Definition,
GLEON,EML,04053-metadata.xml,Attribute Definition,
GLEON,EML,04053-metadata.xml,Attribute Definition,
GLEON,EML,04053-metadata.xml,Attribute Definition,
GLEON,EML,04053-metadata.xml,Attribute Definition,
GLEON,EML,04053-metadata.xml,Attribute Definition,
GLEON,EML,04053-metadata.xml,Attribute Definition,
GLEON,EML,04053-metadata.xml,Attribute Definition,
GLEON,EML,04053-metadata.xml,Attribute Definition,
GLEON,EML,04053-metadata.xml,Attribute Definition,
GLEON,EML,04053-metadata.xml,Attribute Definition,
GLEON,EML,04053-metadata.xml,Attribute Definition,
GLEON,EML,04053-metadata.xml,Attribute Definition,
GLEON,EML,04053-metadata.xml,Attribute Definition,
GLEON,EML,04053-metadata.xml,Attribute Definition,
GLEON,EML,04053-metadata.xml,Attribute Definition,
GLEON,EML,04053-metadata.xml,Attribute Definition,
GLEON,EML,04053-metadata.xml,Attribute Definition,
GLEON,EML,04053-metadata.xml,Attribute Definition,
GLEON,EML,04053-metadata.xml,Attribute Definition,
GLEON,EML,04053-metadata.xml,Attribute Definition,
GLEON,EML,04053-metadata.xml,Attribute Definition,
GLEON,EML,04053-metadata.xml,Attribute Definition,
GLEON,EML,04053-metadata.xml,Attribute Definition,
GLEON,EML,04053-metadata.xml,Attribute Definition,
GLEON,EML,04053-metadata.xml,Attribute Definition,
GLEON,EML,04053-metadata.xml,Attribute Definition,
GLEON,EML,04053-metadata.xml,Attribute Definition,
GLEON,EML,04053-metadata.xml,Attribute Definition,
GLEON,EML,04053-metadata.xml,Attribute Definition,
GLEON,EML,04053-metadata.xml,Attribute Definition,
GLEON,EML,04053-metadata.xml,Attribute Definition,
GLEON,EML,04053-metadata.xml,Attribute Definition,
GLEON,EML,04053-metadata.xml,Attribute Definition,
GLEON,EML,04053-metadata.xml,Attribute Definition,
GLEON,EML,04053-metadata.xml,Attribute Definition,
GLEON,EML,04053-metadata.xml,Attribute Definition,
GLEON,EML,04053-metadata.xml,Attribute Definition,
GLEON,EML,04053-metadata.xml,Attribute Definition,
GLEON,EML,04053-metadata.xml,Attribute Definition,
GLEON,EML,04053-metadata.xml,Attribute Definition,
GLEON,EML,04053-metadata.xml,Attribute Definition,
GLEON,EML,04053-metadata.xml,Attribute Definition,
GLEON,EML,04053-metadata.xml,Attribute Definition,
GLEON,EML,04053-metadata.xml,Attribute Definition,
GLEON,EML,04053-metadata.xml,Attribute Definition,
GLEON,EML,04053-metadata.xml,Attribute Definition,
GLEON,EML,04053-metadata.xml,Attribute Definition,
GLEON,EML,04053-metadata.xml,Attribute Definition,
GLEON,EML,04053-metadata.xml,Attribute Definition,
GLEON,EML,04053-metadata.xml,Attribute Definition,
GLEON,EML,04053-metadata.xml,Attribute Definition,
GLEON,EML,04053-metadata.xml,Attribute Definition,
GLEON,EML,04053-metadata.xml,Attribute List,
GLEON,EML,04053-metadata.xml,Author / Originator,
GLEON,EML,04053-metadata.xml,Author / Originator,
GLEON,EML,04053-metadata.xml,Author / Originator,
GLEON,EML,04053-metadata.xml,Author / Originator,
GLEON,EML,04053-metadata.xml,Author / Originator,
GLEON,EML,04053-metadata.xml,Author / Originator,
GLEON,EML,04053-metadata.xml,Author / Originator,
GLEON,EML,04053-metadata.xml,Author / Originator,
GLEON,EML,04053-metadata.xml,Author / Originator,
GLEON,EML,04053-metadata.xml,Author / Originator,
GLEON,EML,04053-metadata.xml,Author / Originator,
GLEON,EML,04053-metadata.xml,Author / Originator,
GLEON,EML,04053-metadata.xml,Author / Originator,
GLEON,EML,04053-metadata.xml,Author / Originator,
GLEON,EML,04053-metadata.xml,Author / Originator,
GLEON,EML,04053-metadata.xml,Author / Originator,
GLEON,EML,04053-metadata.xml,Author / Originator,
GLEON,EML,04053-metadata.xml,Bounding Box,
GLEON,EML,04053-metadata.xml,Easternmost Longitude,
GLEON,EML,04053-metadata.xml,End Time,
GLEON,EML,04053-metadata.xml,Entity Type Definition,
GLEON,EML,04053-metadata.xml,Keyword,
GLEON,EML,04053-metadata.xml,Keyword,
GLEON,EML,04053-metadata.xml,Keyword,
GLEON,EML,04053-metadata.xml,Keyword,
GLEON,EML,04053-metadata.xml,Keyword,
GLEON,EML,04053-metadata.xml,Keyword,
GLEON,EML,04053-metadata.xml,Keyword,
GLEON,EML,04053-metadata.xml,Keyword,
GLEON,EML,04053-metadata.xml,Northernmost Latitude,
GLEON,EML,04053-metadata.xml,Process Step,
GLEON,EML,04053-metadata.xml,Resource Access Constraints,
GLEON,EML,04053-metadata.xml,Resource Contact,
GLEON,EML,04053-metadata.xml,Resource Distribution,
GLEON,EML,04053-metadata.xml,Resource Format,
GLEON,EML,04053-metadata.xml,Resource Identifier,
GLEON,EML,04053-metadata.xml,Resource Title,
GLEON,EML,04053-metadata.xml,Resource Use Constraints,
GLEON,EML,04053-metadata.xml,Southernmost Latitude,
GLEON,EML,04053-metadata.xml,Spatial Extent,
GLEON,EML,04053-metadata.xml,Start Time,
GLEON,EML,04053-metadata.xml,Temporal Extent,
GLEON,EML,04053-metadata.xml,Theme Keyword,
GLEON,EML,04053-metadata.xml,Theme Keyword,
GLEON,EML,04053-metadata.xml,Theme Keyword,
GLEON,EML,04053-metadata.xml,Theme Keyword,
GLEON,EML,04053-metadata.xml,Theme Keyword,
GLEON,EML,04053-metadata.xml,Theme Keyword,
GLEON,EML,04053-metadata.xml,Theme Keyword,
GLEON,EML,04053-metadata.xml,Theme Keyword,
GLEON,EML,04053-metadata.xml,Westernmost Longitude,
GLEON,EML,04054-metadata.xml,Abstract,
GLEON,EML,04054-metadata.xml,Attribute Definition,
GLEON,EML,04054-metadata.xml,Attribute Definition,
GLEON,EML,04054-metadata.xml,Attribute Definition,
GLEON,EML,04054-metadata.xml,Attribute Definition,
GLEON,EML,04054-metadata.xml,Attribute Definition,
GLEON,EML,04054-metadata.xml,Attribute Definition,
GLEON,EML,04054-metadata.xml,Attribute Definition,
GLEON,EML,04054-metadata.xml,Attribute Definition,
GLEON,EML,04054-metadata.xml,Attribute Definition,
GLEON,EML,04054-metadata.xml,Attribute Definition,
GLEON,EML,04054-metadata.xml,Attribute Definition,
GLEON,EML,04054-metadata.xml,Attribute Definition,
GLEON,EML,04054-metadata.xml,Attribute Definition,
GLEON,EML,04054-metadata.xml,Attribute Definition,
GLEON,EML,04054-metadata.xml,Attribute Definition,
GLEON,EML,04054-metadata.xml,Attribute Definition,
GLEON,EML,04054-metadata.xml,Attribute Definition,
GLEON,EML,04054-metadata.xml,Attribute Definition,
GLEON,EML,04054-metadata.xml,Attribute Definition,
GLEON,EML,04054-metadata.xml,Attribute Definition,
GLEON,EML,04054-metadata.xml,Attribute Definition,
GLEON,EML,04054-metadata.xml,Attribute Definition,
GLEON,EML,04054-metadata.xml,Attribute Definition,
GLEON,EML,04054-metadata.xml,Attribute Definition,
GLEON,EML,04054-metadata.xml,Attribute Definition,
GLEON,EML,04054-metadata.xml,Attribute Definition,
GLEON,EML,04054-metadata.xml,Attribute Definition,
GLEON,EML,04054-metadata.xml,Attribute Definition,
GLEON,EML,04054-metadata.xml,Attribute Definition,
GLEON,EML,04054-metadata.xml,Attribute Definition,
GLEON,EML,04054-metadata.xml,Attribute Definition,
GLEON,EML,04054-metadata.xml,Attribute Definition,
GLEON,EML,04054-metadata.xml,Attribute Definition,
GLEON,EML,04054-metadata.xml,Attribute Definition,
GLEON,EML,04054-metadata.xml,Attribute Definition,
GLEON,EML,04054-metadata.xml,Attribute Definition,
GLEON,EML,04054-metadata.xml,Attribute Definition,
GLEON,EML,04054-metadata.xml,Attribute Definition,
GLEON,EML,04054-metadata.xml,Attribute Definition,
GLEON,EML,04054-metadata.xml,Attribute Definition,
GLEON,EML,04054-metadata.xml,Attribute Definition,
GLEON,EML,04054-metadata.xml,Attribute Definition,
GLEON,EML,04054-metadata.xml,Attribute Definition,
GLEON,EML,04054-metadata.xml,Attribute Definition,
GLEON,EML,04054-metadata.xml,Attribute Definition,
GLEON,EML,04054-metadata.xml,Attribute Definition,
GLEON,EML,04054-metadata.xml,Attribute Definition,
GLEON,EML,04054-metadata.xml,Attribute Definition,
GLEON,EML,04054-metadata.xml,Attribute Definition,
GLEON,EML,04054-metadata.xml,Attribute Definition,
GLEON,EML,04054-metadata.xml,Attribute Definition,
GLEON,EML,04054-metadata.xml,Attribute Definition,
GLEON,EML,04054-metadata.xml,Attribute Definition,
GLEON,EML,04054-metadata.xml,Attribute Definition,
GLEON,EML,04054-metadata.xml,Attribute Definition,
GLEON,EML,04054-metadata.xml,Attribute Definition,
GLEON,EML,04054-metadata.xml,Attribute Definition,
GLEON,EML,04054-metadata.xml,Attribute Definition,
GLEON,EML,04054-metadata.xml,Attribute Definition,
GLEON,EML,04054-metadata.xml,Attribute Definition,
GLEON,EML,04054-metadata.xml,Attribute Definition,
GLEON,EML,04054-metadata.xml,Attribute Definition,
GLEON,EML,04054-metadata.xml,Attribute Definition,
GLEON,EML,04054-metadata.xml,Attribute Definition,
GLEON,EML,04054-metadata.xml,Attribute Definition,
GLEON,EML,04054-metadata.xml,Attribute Definition,
GLEON,EML,04054-metadata.xml,Attribute Definition,
GLEON,EML,04054-metadata.xml,Attribute Definition,
GLEON,EML,04054-metadata.xml,Attribute Definition,
GLEON,EML,04054-metadata.xml,Attribute Definition,
GLEON,EML,04054-metadata.xml,Attribute Definition,
GLEON,EML,04054-metadata.xml,Attribute Definition,
GLEON,EML,04054-metadata.xml,Attribute Definition,
GLEON,EML,04054-metadata.xml,Attribute Definition,
GLEON,EML,04054-metadata.xml,Attribute Definition,
GLEON,EML,04054-metadata.xml,Attribute Definition,
GLEON,EML,04054-metadata.xml,Attribute Definition,
GLEON,EML,04054-metadata.xml,Attribute Definition,
GLEON,EML,04054-metadata.xml,Attribute Definition,
GLEON,EML,04054-metadata.xml,Attribute Definition,
GLEON,EML,04054-metadata.xml,Attribute Definition,
GLEON,EML,04054-metadata.xml,Attribute Definition,
GLEON,EML,04054-metadata.xml,Attribute Definition,
GLEON,EML,04054-metadata.xml,Attribute Definition,
GLEON,EML,04054-metadata.xml,Attribute Definition,
GLEON,EML,04054-metadata.xml,Attribute Definition,
GLEON,EML,04054-metadata.xml,Attribute Definition,
GLEON,EML,04054-metadata.xml,Attribute Definition,
GLEON,EML,04054-metadata.xml,Attribute Definition,
GLEON,EML,04054-metadata.xml,Attribute Definition,
GLEON,EML,04054-metadata.xml,Attribute Definition,
GLEON,EML,04054-metadata.xml,Attribute Definition,
GLEON,EML,04054-metadata.xml,Attribute Definition,
GLEON,EML,04054-metadata.xml,Attribute Definition,
GLEON,EML,04054-metadata.xml,Attribute Definition,
GLEON,EML,04054-metadata.xml,Attribute Definition,
GLEON,EML,04054-metadata.xml,Attribute Definition,
GLEON,EML,04054-metadata.xml,Attribute Definition,
GLEON,EML,04054-metadata.xml,Attribute Definition,
GLEON,EML,04054-metadata.xml,Attribute Definition,
GLEON,EML,04054-metadata.xml,Attribute Definition,
GLEON,EML,04054-metadata.xml,Attribute Definition,
GLEON,EML,04054-metadata.xml,Attribute Definition,
GLEON,EML,04054-metadata.xml,Attribute Definition,
GLEON,EML,04054-metadata.xml,Attribute Definition,
GLEON,EML,04054-metadata.xml,Attribute Definition,
GLEON,EML,04054-metadata.xml,Attribute Definition,
GLEON,EML,04054-metadata.xml,Attribute Definition,
GLEON,EML,04054-metadata.xml,Attribute Definition,
GLEON,EML,04054-metadata.xml,Attribute Definition,
GLEON,EML,04054-metadata.xml,Attribute Definition,
GLEON,EML,04054-metadata.xml,Attribute Definition,
GLEON,EML,04054-metadata.xml,Attribute Definition,
GLEON,EML,04054-metadata.xml,Attribute Definition,
GLEON,EML,04054-metadata.xml,Attribute Definition,
GLEON,EML,04054-metadata.xml,Attribute Definition,
GLEON,EML,04054-metadata.xml,Attribute Definition,
GLEON,EML,04054-metadata.xml,Attribute Definition,
GLEON,EML,04054-metadata.xml,Attribute Definition,
GLEON,EML,04054-metadata.xml,Attribute List,
GLEON,EML,04054-metadata.xml,Attribute List,
GLEON,EML,04054-metadata.xml,Attribute List,
GLEON,EML,04054-metadata.xml,Attribute List,
GLEON,EML,04054-metadata.xml,Attribute List,
GLEON,EML,04054-metadata.xml,Attribute List,
GLEON,EML,04054-metadata.xml,Attribute List,
GLEON,EML,04054-metadata.xml,Author / Originator,
GLEON,EML,04054-metadata.xml,Author / Originator,
GLEON,EML,04054-metadata.xml,Author / Originator,
GLEON,EML,04054-metadata.xml,Author / Originator,
GLEON,EML,04054-metadata.xml,Bounding Box,
GLEON,EML,04054-metadata.xml,Easternmost Longitude,
GLEON,EML,04054-metadata.xml,End Time,
GLEON,EML,04054-metadata.xml,Entity Type Definition,
GLEON,EML,04054-metadata.xml,Entity Type Definition,
GLEON,EML,04054-metadata.xml,Entity Type Definition,
GLEON,EML,04054-metadata.xml,Keyword,
GLEON,EML,04054-metadata.xml,Keyword,
GLEON,EML,04054-metadata.xml,Keyword,
GLEON,EML,04054-metadata.xml,Keyword,
GLEON,EML,04054-metadata.xml,Keyword,
GLEON,EML,04054-metadata.xml,Keyword,
GLEON,EML,04054-metadata.xml,Keyword,
GLEON,EML,04054-metadata.xml,Keyword,
GLEON,EML,04054-metadata.xml,Keyword,
GLEON,EML,04054-metadata.xml,Keyword,
GLEON,EML,04054-metadata.xml,Keyword,
GLEON,EML,04054-metadata.xml,Keyword,
GLEON,EML,04054-metadata.xml,Keyword,
GLEON,EML,04054-metadata.xml,Keyword,
GLEON,EML,04054-metadata.xml,Keyword,
GLEON,EML,04054-metadata.xml,Keyword,
GLEON,EML,04054-metadata.xml,Keyword,
GLEON,EML,04054-metadata.xml,Keyword,
GLEON,EML,04054-metadata.xml,Keyword,
GLEON,EML,04054-metadata.xml,Keyword,
GLEON,EML,04054-metadata.xml,Keyword,
GLEON,EML,04054-metadata.xml,Keyword,
GLEON,EML,04054-metadata.xml,Keyword,
GLEON,EML,04054-metadata.xml,Maintenance,
GLEON,EML,04054-metadata.xml,Metadata Contact,
GLEON,EML,04054-metadata.xml,Northernmost Latitude,
GLEON,EML,04054-metadata.xml,Originating Organization,
GLEON,EML,04054-metadata.xml,Originating Organization,
GLEON,EML,04054-metadata.xml,Originating Organization,
GLEON,EML,04054-metadata.xml,Originating Organization,
GLEON,EML,04054-metadata.xml,Process Step,
GLEON,EML,04054-metadata.xml,Project Description,
GLEON,EML,04054-metadata.xml,Publisher,
GLEON,EML,04054-metadata.xml,Resource Access Constraints,
GLEON,EML,04054-metadata.xml,Resource Contact,
GLEON,EML,04054-metadata.xml,Resource Distribution,
GLEON,EML,04054-metadata.xml,Resource Distribution,
GLEON,EML,04054-metadata.xml,Resource Distribution,
GLEON,EML,04054-metadata.xml,Resource Distribution,
GLEON,EML,04054-metadata.xml,Resource Distribution,
GLEON,EML,04054-metadata.xml,Resource Distribution,
GLEON,EML,04054-metadata.xml,Resource Distribution,
GLEON,EML,04054-metadata.xml,Resource Distribution,
GLEON,EML,04054-metadata.xml,Resource Format,
GLEON,EML,04054-metadata.xml,Resource Format,
GLEON,EML,04054-metadata.xml,Resource Format,
GLEON,EML,04054-metadata.xml,Resource Format,
GLEON,EML,04054-metadata.xml,Resource Format,
GLEON,EML,04054-metadata.xml,Resource Format,
GLEON,EML,04054-metadata.xml,Resource Format,
GLEON,EML,04054-metadata.xml,Resource Identifier,
GLEON,EML,04054-metadata.xml,Resource Title,
GLEON,EML,04054-metadata.xml,Resource Use Constraints,
GLEON,EML,04054-metadata.xml,Resource on-line Link,
GLEON,EML,04054-metadata.xml,Southernmost Latitude,
GLEON,EML,04054-metadata.xml,Spatial Extent,
GLEON,EML,04054-metadata.xml,Start Time,
GLEON,EML,04054-metadata.xml,Temporal Extent,
GLEON,EML,04054-metadata.xml,Theme Keyword,
GLEON,EML,04054-metadata.xml,Theme Keyword,
GLEON,EML,04054-metadata.xml,Theme Keyword,
GLEON,EML,04054-metadata.xml,Theme Keyword,
GLEON,EML,04054-metadata.xml,Theme Keyword,
GLEON,EML,04054-metadata.xml,Theme Keyword,
GLEON,EML,04054-metadata.xml,Theme Keyword,
GLEON,EML,04054-metadata.xml,Theme Keyword,
GLEON,EML,04054-metadata.xml,Theme Keyword,
GLEON,EML,04054-metadata.xml,Theme Keyword,
GLEON,EML,04054-metadata.xml,Theme Keyword,
GLEON,EML,04054-metadata.xml,Theme Keyword,
GLEON,EML,04054-metadata.xml,Theme Keyword,
GLEON,EML,04054-metadata.xml,Theme Keyword,
GLEON,EML,04054-metadata.xml,Theme Keyword,
GLEON,EML,04054-metadata.xml,Theme Keyword,
GLEON,EML,04054-metadata.xml,Theme Keyword,
GLEON,EML,04054-metadata.xml,Theme Keyword,
GLEON,EML,04054-metadata.xml,Theme Keyword,
GLEON,EML,04054-metadata.xml,Theme Keyword,
GLEON,EML,04054-metadata.xml,Theme Keyword,
GLEON,EML,04054-metadata.xml,Theme Keyword,
GLEON,EML,04054-metadata.xml,Theme Keyword,
GLEON,EML,04054-metadata.xml,Westernmost Longitude,
GLEON,EML,04055-metadata.xml,Abstract,
GLEON,EML,04055-metadata.xml,Attribute Definition,
GLEON,EML,04055-metadata.xml,Attribute Definition,
GLEON,EML,04055-metadata.xml,Attribute Definition,
GLEON,EML,04055-metadata.xml,Attribute Definition,
GLEON,EML,04055-metadata.xml,Attribute Definition,
GLEON,EML,04055-metadata.xml,Attribute Definition,
GLEON,EML,04055-metadata.xml,Attribute Definition,
GLEON,EML,04055-metadata.xml,Attribute Definition,
GLEON,EML,04055-metadata.xml,Attribute Definition,
GLEON,EML,04055-metadata.xml,Attribute Definition,
GLEON,EML,04055-metadata.xml,Attribute Definition,
GLEON,EML,04055-metadata.xml,Attribute Definition,
GLEON,EML,04055-metadata.xml,Attribute Definition,
GLEON,EML,04055-metadata.xml,Attribute Definition,
GLEON,EML,04055-metadata.xml,Attribute Definition,
GLEON,EML,04055-metadata.xml,Attribute Definition,
GLEON,EML,04055-metadata.xml,Attribute Definition,
GLEON,EML,04055-metadata.xml,Attribute Definition,
GLEON,EML,04055-metadata.xml,Attribute Definition,
GLEON,EML,04055-metadata.xml,Attribute Definition,
GLEON,EML,04055-metadata.xml,Attribute Definition,
GLEON,EML,04055-metadata.xml,Attribute Definition,
GLEON,EML,04055-metadata.xml,Attribute Definition,
GLEON,EML,04055-metadata.xml,Attribute Definition,
GLEON,EML,04055-metadata.xml,Attribute Definition,
GLEON,EML,04055-metadata.xml,Attribute Definition,
GLEON,EML,04055-metadata.xml,Attribute Definition,
GLEON,EML,04055-metadata.xml,Attribute Definition,
GLEON,EML,04055-metadata.xml,Attribute Definition,
GLEON,EML,04055-metadata.xml,Attribute Definition,
GLEON,EML,04055-metadata.xml,Attribute Definition,
GLEON,EML,04055-metadata.xml,Attribute List,
GLEON,EML,04055-metadata.xml,Author / Originator,
GLEON,EML,04055-metadata.xml,Author / Originator,
GLEON,EML,04055-metadata.xml,Author / Originator,
GLEON,EML,04055-metadata.xml,Author / Originator,
GLEON,EML,04055-metadata.xml,Bounding Box,
GLEON,EML,04055-metadata.xml,Contributor Name,
GLEON,EML,04055-metadata.xml,Easternmost Longitude,
GLEON,EML,04055-metadata.xml,End Time,
GLEON,EML,04055-metadata.xml,Entity Type Definition,
GLEON,EML,04055-metadata.xml,Keyword,
GLEON,EML,04055-metadata.xml,Keyword,
GLEON,EML,04055-metadata.xml,Keyword,
GLEON,EML,04055-metadata.xml,Keyword,
GLEON,EML,04055-metadata.xml,Keyword,
GLEON,EML,04055-metadata.xml,Keyword,
GLEON,EML,04055-metadata.xml,Keyword,
GLEON,EML,04055-metadata.xml,Northernmost Latitude,
GLEON,EML,04055-metadata.xml,Process Step,
GLEON,EML,04055-metadata.xml,Resource Access Constraints,
GLEON,EML,04055-metadata.xml,Resource Contact,
GLEON,EML,04055-metadata.xml,Resource Distribution,
GLEON,EML,04055-metadata.xml,Resource Format,
GLEON,EML,04055-metadata.xml,Resource Identifier,
GLEON,EML,04055-metadata.xml,Resource Title,
GLEON,EML,04055-metadata.xml,Resource Use Constraints,
GLEON,EML,04055-metadata.xml,Southernmost Latitude,
GLEON,EML,04055-metadata.xml,Spatial Extent,
GLEON,EML,04055-metadata.xml,Start Time,
GLEON,EML,04055-metadata.xml,Temporal Extent,
GLEON,EML,04055-metadata.xml,Theme Keyword,
GLEON,EML,04055-metadata.xml,Theme Keyword,
GLEON,EML,04055-metadata.xml,Theme Keyword,
GLEON,EML,04055-metadata.xml,Theme Keyword,
GLEON,EML,04055-metadata.xml,Theme Keyword,
GLEON,EML,04055-metadata.xml,Theme Keyword,
GLEON,EML,04055-metadata.xml,Theme Keyword,
GLEON,EML,04055-metadata.xml,Westernmost Longitude,
GLEON,EML,04056-metadata.xml,Abstract,
GLEON,EML,04056-metadata.xml,Attribute Definition,
GLEON,EML,04056-metadata.xml,Attribute Definition,
GLEON,EML,04056-metadata.xml,Attribute Definition,
GLEON,EML,04056-metadata.xml,Attribute List,
GLEON,EML,04056-metadata.xml,Author / Originator,
GLEON,EML,04056-metadata.xml,Bounding Box,
GLEON,EML,04056-metadata.xml,Easternmost Longitude,
GLEON,EML,04056-metadata.xml,End Time,
GLEON,EML,04056-metadata.xml,Entity Type Definition,
GLEON,EML,04056-metadata.xml,Keyword,
GLEON,EML,04056-metadata.xml,Keyword,
GLEON,EML,04056-metadata.xml,Keyword,
GLEON,EML,04056-metadata.xml,Keyword,
GLEON,EML,04056-metadata.xml,Keyword,
GLEON,EML,04056-metadata.xml,Keyword,
GLEON,EML,04056-metadata.xml,Northernmost Latitude,
GLEON,EML,04056-metadata.xml,Process Step,
GLEON,EML,04056-metadata.xml,Project Description,
GLEON,EML,04056-metadata.xml,Resource Access Constraints,
GLEON,EML,04056-metadata.xml,Resource Contact,
GLEON,EML,04056-metadata.xml,Resource Distribution,
GLEON,EML,04056-metadata.xml,Resource Format,
GLEON,EML,04056-metadata.xml,Resource Identifier,
GLEON,EML,04056-metadata.xml,Resource Title,
GLEON,EML,04056-metadata.xml,Resource Use Constraints,
GLEON,EML,04056-metadata.xml,Southernmost Latitude,
GLEON,EML,04056-metadata.xml,Spatial Extent,
GLEON,EML,04056-metadata.xml,Start Time,
GLEON,EML,04056-metadata.xml,Temporal Extent,
GLEON,EML,04056-metadata.xml,Theme Keyword,
GLEON,EML,04056-metadata.xml,Theme Keyword,
GLEON,EML,04056-metadata.xml,Theme Keyword,
GLEON,EML,04056-metadata.xml,Theme Keyword,
GLEON,EML,04056-metadata.xml,Theme Keyword,
GLEON,EML,04056-metadata.xml,Theme Keyword,
GLEON,EML,04056-metadata.xml,Westernmost Longitude,
GLEON,EML,04057-metadata.xml,Attribute Definition,
GLEON,EML,04057-metadata.xml,Attribute Definition,
GLEON,EML,04057-metadata.xml,Attribute List,
GLEON,EML,04057-metadata.xml,Author / Originator,
GLEON,EML,04057-metadata.xml,Resource Access Constraints,
GLEON,EML,04057-metadata.xml,Resource Contact,
GLEON,EML,04057-metadata.xml,Resource Distribution,
GLEON,EML,04057-metadata.xml,Resource Format,
GLEON,EML,04057-metadata.xml,Resource Identifier,
GLEON,EML,04057-metadata.xml,Resource Title,
GLEON,EML,04058-metadata.xml,Abstract,
GLEON,EML,04058-metadata.xml,Attribute Definition,
GLEON,EML,04058-metadata.xml,Attribute Definition,
GLEON,EML,04058-metadata.xml,Attribute Definition,
GLEON,EML,04058-metadata.xml,Attribute Definition,
GLEON,EML,04058-metadata.xml,Attribute Definition,
GLEON,EML,04058-metadata.xml,Attribute Definition,
GLEON,EML,04058-metadata.xml,Attribute Definition,
GLEON,EML,04058-metadata.xml,Attribute Definition,
GLEON,EML,04058-metadata.xml,Attribute Definition,
GLEON,EML,04058-metadata.xml,Attribute Definition,
GLEON,EML,04058-metadata.xml,Attribute Definition,
GLEON,EML,04058-metadata.xml,Attribute Definition,
GLEON,EML,04058-metadata.xml,Attribute Definition,
GLEON,EML,04058-metadata.xml,Attribute Definition,
GLEON,EML,04058-metadata.xml,Attribute Definition,
GLEON,EML,04058-metadata.xml,Attribute Definition,
GLEON,EML,04058-metadata.xml,Attribute Definition,
GLEON,EML,04058-metadata.xml,Attribute Definition,
GLEON,EML,04058-metadata.xml,Attribute Definition,
GLEON,EML,04058-metadata.xml,Attribute Definition,
GLEON,EML,04058-metadata.xml,Attribute Definition,
GLEON,EML,04058-metadata.xml,Attribute Definition,
GLEON,EML,04058-metadata.xml,Attribute Definition,
GLEON,EML,04058-metadata.xml,Attribute Definition,
GLEON,EML,04058-metadata.xml,Attribute Definition,
GLEON,EML,04058-metadata.xml,Attribute Definition,
GLEON,EML,04058-metadata.xml,Attribute Definition,
GLEON,EML,04058-metadata.xml,Attribute Definition,
GLEON,EML,04058-metadata.xml,Attribute Definition,
GLEON,EML,04058-metadata.xml,Attribute Definition,
GLEON,EML,04058-metadata.xml,Attribute Definition,
GLEON,EML,04058-metadata.xml,Attribute Definition,
GLEON,EML,04058-metadata.xml,Attribute Definition,
GLEON,EML,04058-metadata.xml,Attribute Definition,
GLEON,EML,04058-metadata.xml,Attribute Definition,
GLEON,EML,04058-metadata.xml,Attribute Definition,
GLEON,EML,04058-metadata.xml,Attribute Definition,
GLEON,EML,04058-metadata.xml,Attribute Definition,
GLEON,EML,04058-metadata.xml,Attribute Definition,
GLEON,EML,04058-metadata.xml,Attribute Definition,
GLEON,EML,04058-metadata.xml,Attribute Definition,
GLEON,EML,04058-metadata.xml,Attribute Definition,
GLEON,EML,04058-metadata.xml,Attribute Definition,
GLEON,EML,04058-metadata.xml,Attribute Definition,
GLEON,EML,04058-metadata.xml,Attribute Definition,
GLEON,EML,04058-metadata.xml,Attribute Definition,
GLEON,EML,04058-metadata.xml,Attribute Definition,
GLEON,EML,04058-metadata.xml,Attribute Definition,
GLEON,EML,04058-metadata.xml,Attribute Definition,
GLEON,EML,04058-metadata.xml,Attribute Definition,
GLEON,EML,04058-metadata.xml,Attribute Definition,
GLEON,EML,04058-metadata.xml,Attribute Definition,
GLEON,EML,04058-metadata.xml,Attribute Definition,
GLEON,EML,04058-metadata.xml,Attribute Definition,
GLEON,EML,04058-metadata.xml,Attribute Definition,
GLEON,EML,04058-metadata.xml,Attribute Definition,
GLEON,EML,04058-metadata.xml,Attribute Definition,
GLEON,EML,04058-metadata.xml,Attribute Definition,
GLEON,EML,04058-metadata.xml,Attribute Definition,
GLEON,EML,04058-metadata.xml,Attribute Definition,
GLEON,EML,04058-metadata.xml,Attribute Definition,
GLEON,EML,04058-metadata.xml,Attribute Definition,
GLEON,EML,04058-metadata.xml,Attribute Definition,
GLEON,EML,04058-metadata.xml,Attribute Definition,
GLEON,EML,04058-metadata.xml,Attribute Definition,
GLEON,EML,04058-metadata.xml,Attribute Definition,
GLEON,EML,04058-metadata.xml,Attribute Definition,
GLEON,EML,04058-metadata.xml,Attribute Definition,
GLEON,EML,04058-metadata.xml,Attribute Definition,
GLEON,EML,04058-metadata.xml,Attribute Definition,
GLEON,EML,04058-metadata.xml,Attribute Definition,
GLEON,EML,04058-metadata.xml,Attribute Definition,
GLEON,EML,04058-metadata.xml,Attribute Definition,
GLEON,EML,04058-metadata.xml,Attribute Definition,
GLEON,EML,04058-metadata.xml,Attribute Definition,
GLEON,EML,04058-metadata.xml,Attribute Definition,
GLEON,EML,04058-metadata.xml,Attribute Definition,
GLEON,EML,04058-metadata.xml,Attribute Definition,
GLEON,EML,04058-metadata.xml,Attribute Definition,
GLEON,EML,04058-metadata.xml,Attribute Definition,
GLEON,EML,04058-metadata.xml,Attribute Definition,
GLEON,EML,04058-metadata.xml,Attribute Definition,
GLEON,EML,04058-metadata.xml,Attribute Definition,
GLEON,EML,04058-metadata.xml,Attribute Definition,
GLEON,EML,04058-metadata.xml,Attribute Definition,
GLEON,EML,04058-metadata.xml,Attribute Definition,
GLEON,EML,04058-metadata.xml,Attribute Definition,
GLEON,EML,04058-metadata.xml,Attribute Definition,
GLEON,EML,04058-metadata.xml,Attribute Definition,
GLEON,EML,04058-metadata.xml,Attribute Definition,
GLEON,EML,04058-metadata.xml,Attribute Definition,
GLEON,EML,04058-metadata.xml,Attribute Definition,
GLEON,EML,04058-metadata.xml,Attribute Definition,
GLEON,EML,04058-metadata.xml,Attribute Definition,
GLEON,EML,04058-metadata.xml,Attribute Definition,
GLEON,EML,04058-metadata.xml,Attribute Definition,
GLEON,EML,04058-metadata.xml,Attribute Definition,
GLEON,EML,04058-metadata.xml,Attribute Definition,
GLEON,EML,04058-metadata.xml,Attribute Definition,
GLEON,EML,04058-metadata.xml,Attribute Definition,
GLEON,EML,04058-metadata.xml,Attribute Definition,
GLEON,EML,04058-metadata.xml,Attribute Definition,
GLEON,EML,04058-metadata.xml,Attribute Definition,
GLEON,EML,04058-metadata.xml,Attribute Definition,
GLEON,EML,04058-metadata.xml,Attribute Definition,
GLEON,EML,04058-metadata.xml,Attribute Definition,
GLEON,EML,04058-metadata.xml,Attribute Definition,
GLEON,EML,04058-metadata.xml,Attribute Definition,
GLEON,EML,04058-metadata.xml,Attribute Definition,
GLEON,EML,04058-metadata.xml,Attribute Definition,
GLEON,EML,04058-metadata.xml,Attribute Definition,
GLEON,EML,04058-metadata.xml,Attribute Definition,
GLEON,EML,04058-metadata.xml,Attribute Definition,
GLEON,EML,04058-metadata.xml,Attribute Definition,
GLEON,EML,04058-metadata.xml,Attribute Definition,
GLEON,EML,04058-metadata.xml,Attribute Definition,
GLEON,EML,04058-metadata.xml,Attribute Definition,
GLEON,EML,04058-metadata.xml,Attribute Definition,
GLEON,EML,04058-metadata.xml,Attribute Definition,
GLEON,EML,04058-metadata.xml,Attribute List,
GLEON,EML,04058-metadata.xml,Attribute List,
GLEON,EML,04058-metadata.xml,Attribute List,
GLEON,EML,04058-metadata.xml,Attribute List,
GLEON,EML,04058-metadata.xml,Attribute List,
GLEON,EML,04058-metadata.xml,Attribute List,
GLEON,EML,04058-metadata.xml,Attribute List,
GLEON,EML,04058-metadata.xml,Author / Originator,
GLEON,EML,04058-metadata.xml,Author / Originator,
GLEON,EML,04058-metadata.xml,Author / Originator,
GLEON,EML,04058-metadata.xml,Author / Originator,
GLEON,EML,04058-metadata.xml,Bounding Box,
GLEON,EML,04058-metadata.xml,Easternmost Longitude,
GLEON,EML,04058-metadata.xml,End Time,
GLEON,EML,04058-metadata.xml,Entity Type Definition,
GLEON,EML,04058-metadata.xml,Entity Type Definition,
GLEON,EML,04058-metadata.xml,Entity Type Definition,
GLEON,EML,04058-metadata.xml,Keyword,
GLEON,EML,04058-metadata.xml,Keyword,
GLEON,EML,04058-metadata.xml,Keyword,
GLEON,EML,04058-metadata.xml,Keyword,
GLEON,EML,04058-metadata.xml,Keyword,
GLEON,EML,04058-metadata.xml,Keyword,
GLEON,EML,04058-metadata.xml,Keyword,
GLEON,EML,04058-metadata.xml,Keyword,
GLEON,EML,04058-metadata.xml,Keyword,
GLEON,EML,04058-metadata.xml,Keyword,
GLEON,EML,04058-metadata.xml,Keyword,
GLEON,EML,04058-metadata.xml,Keyword,
GLEON,EML,04058-metadata.xml,Keyword,
GLEON,EML,04058-metadata.xml,Keyword,
GLEON,EML,04058-metadata.xml,Keyword,
GLEON,EML,04058-metadata.xml,Keyword,
GLEON,EML,04058-metadata.xml,Keyword,
GLEON,EML,04058-metadata.xml,Keyword,
GLEON,EML,04058-metadata.xml,Keyword,
GLEON,EML,04058-metadata.xml,Keyword,
GLEON,EML,04058-metadata.xml,Keyword,
GLEON,EML,04058-metadata.xml,Keyword,
GLEON,EML,04058-metadata.xml,Keyword,
GLEON,EML,04058-metadata.xml,Maintenance,
GLEON,EML,04058-metadata.xml,Metadata Contact,
GLEON,EML,04058-metadata.xml,Northernmost Latitude,
GLEON,EML,04058-metadata.xml,Originating Organization,
GLEON,EML,04058-metadata.xml,Originating Organization,
GLEON,EML,04058-metadata.xml,Originating Organization,
GLEON,EML,04058-metadata.xml,Originating Organization,
GLEON,EML,04058-metadata.xml,Process Step,
GLEON,EML,04058-metadata.xml,Project Description,
GLEON,EML,04058-metadata.xml,Publisher,
GLEON,EML,04058-metadata.xml,Resource Access Constraints,
GLEON,EML,04058-metadata.xml,Resource Contact,
GLEON,EML,04058-metadata.xml,Resource Distribution,
GLEON,EML,04058-metadata.xml,Resource Distribution,
GLEON,EML,04058-metadata.xml,Resource Distribution,
GLEON,EML,04058-metadata.xml,Resource Distribution,
GLEON,EML,04058-metadata.xml,Resource Distribution,
GLEON,EML,04058-metadata.xml,Resource Distribution,
GLEON,EML,04058-metadata.xml,Resource Distribution,
GLEON,EML,04058-metadata.xml,Resource Distribution,
GLEON,EML,04058-metadata.xml,Resource Format,
GLEON,EML,04058-metadata.xml,Resource Format,
GLEON,EML,04058-metadata.xml,Resource Format,
GLEON,EML,04058-metadata.xml,Resource Format,
GLEON,EML,04058-metadata.xml,Resource Format,
GLEON,EML,04058-metadata.xml,Resource Format,
GLEON,EML,04058-metadata.xml,Resource Format,
GLEON,EML,04058-metadata.xml,Resource Identifier,
GLEON,EML,04058-metadata.xml,Resource Title,
GLEON,EML,04058-metadata.xml,Resource Use Constraints,
GLEON,EML,04058-metadata.xml,Resource on-line Link,
GLEON,EML,04058-metadata.xml,Southernmost Latitude,
GLEON,EML,04058-metadata.xml,Spatial Extent,
GLEON,EML,04058-metadata.xml,Start Time,
GLEON,EML,04058-metadata.xml,Temporal Extent,
GLEON,EML,04058-metadata.xml,Theme Keyword,
GLEON,EML,04058-metadata.xml,Theme Keyword,
GLEON,EML,04058-metadata.xml,Theme Keyword,
GLEON,EML,04058-metadata.xml,Theme Keyword,
GLEON,EML,04058-metadata.xml,Theme Keyword,
GLEON,EML,04058-metadata.xml,Theme Keyword,
GLEON,EML,04058-metadata.xml,Theme Keyword,
GLEON,EML,04058-metadata.xml,Theme Keyword,
GLEON,EML,04058-metadata.xml,Theme Keyword,
GLEON,EML,04058-metadata.xml,Theme Keyword,
GLEON,EML,04058-metadata.xml,Theme Keyword,
GLEON,EML,04058-metadata.xml,Theme Keyword,
GLEON,EML,04058-metadata.xml,Theme Keyword,
GLEON,EML,04058-metadata.xml,Theme Keyword,
GLEON,EML,04058-metadata.xml,Theme Keyword,
GLEON,EML,04058-metadata.xml,Theme Keyword,
GLEON,EML,04058-metadata.xml,Theme Keyword,
GLEON,EML,04058-metadata.xml,Theme Keyword,
GLEON,EML,04058-metadata.xml,Theme Keyword,
GLEON,EML,04058-metadata.xml,Theme Keyword,
GLEON,EML,04058-metadata.xml,Theme Keyword,
GLEON,EML,04058-metadata.xml,Theme Keyword,
GLEON,EML,04058-metadata.xml,Theme Keyword,
GLEON,EML,04058-metadata.xml,Westernmost Longitude,
GLEON,EML,04059-metadata.xml,Abstract,
GLEON,EML,04059-metadata.xml,Attribute Definition,
GLEON,EML,04059-metadata.xml,Attribute Definition,
GLEON,EML,04059-metadata.xml,Attribute Definition,
GLEON,EML,04059-metadata.xml,Attribute Definition,
GLEON,EML,04059-metadata.xml,Attribute Definition,
GLEON,EML,04059-metadata.xml,Attribute Definition,
GLEON,EML,04059-metadata.xml,Attribute Definition,
GLEON,EML,04059-metadata.xml,Attribute List,
GLEON,EML,04059-metadata.xml,Author / Originator,
GLEON,EML,04059-metadata.xml,Author / Originator,
GLEON,EML,04059-metadata.xml,Author / Originator,
GLEON,EML,04059-metadata.xml,Author / Originator,
GLEON,EML,04059-metadata.xml,Author / Originator,
GLEON,EML,04059-metadata.xml,Author / Originator,
GLEON,EML,04059-metadata.xml,Author / Originator,
GLEON,EML,04059-metadata.xml,Author / Originator,
GLEON,EML,04059-metadata.xml,Author / Originator,
GLEON,EML,04059-metadata.xml,Author / Originator,
GLEON,EML,04059-metadata.xml,Author / Originator,
GLEON,EML,04059-metadata.xml,Author / Originator,
GLEON,EML,04059-metadata.xml,Bounding Box,
GLEON,EML,04059-metadata.xml,Easternmost Longitude,
GLEON,EML,04059-metadata.xml,End Time,
GLEON,EML,04059-metadata.xml,Entity Type Definition,
GLEON,EML,04059-metadata.xml,Keyword,
GLEON,EML,04059-metadata.xml,Keyword,
GLEON,EML,04059-metadata.xml,Keyword,
GLEON,EML,04059-metadata.xml,Keyword,
GLEON,EML,04059-metadata.xml,Keyword,
GLEON,EML,04059-metadata.xml,Northernmost Latitude,
GLEON,EML,04059-metadata.xml,Process Step,
GLEON,EML,04059-metadata.xml,Publication Date,
GLEON,EML,04059-metadata.xml,Resource Access Constraints,
GLEON,EML,04059-metadata.xml,Resource Contact,
GLEON,EML,04059-metadata.xml,Resource Distribution,
GLEON,EML,04059-metadata.xml,Resource Format,
GLEON,EML,04059-metadata.xml,Resource Identifier,
GLEON,EML,04059-metadata.xml,Resource Title,
GLEON,EML,04059-metadata.xml,Resource Use Constraints,
GLEON,EML,04059-metadata.xml,Southernmost Latitude,
GLEON,EML,04059-metadata.xml,Spatial Extent,
GLEON,EML,04059-metadata.xml,Start Time,
GLEON,EML,04059-metadata.xml,Temporal Extent,
GLEON,EML,04059-metadata.xml,Theme Keyword,
GLEON,EML,04059-metadata.xml,Theme Keyword,
GLEON,EML,04059-metadata.xml,Theme Keyword,
GLEON,EML,04059-metadata.xml,Theme Keyword,
GLEON,EML,04059-metadata.xml,Theme Keyword,
GLEON,EML,04059-metadata.xml,Westernmost Longitude,
GLEON,EML,04060-metadata.xml,Abstract,
GLEON,EML,04060-metadata.xml,Attribute Definition,
GLEON,EML,04060-metadata.xml,Attribute Definition,
GLEON,EML,04060-metadata.xml,Attribute Definition,
GLEON,EML,04060-metadata.xml,Attribute Definition,
GLEON,EML,04060-metadata.xml,Attribute Definition,
GLEON,EML,04060-metadata.xml,Attribute Definition,
GLEON,EML,04060-metadata.xml,Attribute Definition,
GLEON,EML,04060-metadata.xml,Attribute Definition,
GLEON,EML,04060-metadata.xml,Attribute Definition,
GLEON,EML,04060-metadata.xml,Attribute Definition,
GLEON,EML,04060-metadata.xml,Attribute Definition,
GLEON,EML,04060-metadata.xml,Attribute Definition,
GLEON,EML,04060-metadata.xml,Attribute Definition,
GLEON,EML,04060-metadata.xml,Attribute Definition,
GLEON,EML,04060-metadata.xml,Attribute Definition,
GLEON,EML,04060-metadata.xml,Attribute Definition,
GLEON,EML,04060-metadata.xml,Attribute Definition,
GLEON,EML,04060-metadata.xml,Attribute Definition,
GLEON,EML,04060-metadata.xml,Attribute Definition,
GLEON,EML,04060-metadata.xml,Attribute Definition,
GLEON,EML,04060-metadata.xml,Attribute Definition,
GLEON,EML,04060-metadata.xml,Attribute Definition,
GLEON,EML,04060-metadata.xml,Attribute List,
GLEON,EML,04060-metadata.xml,Author / Originator,
GLEON,EML,04060-metadata.xml,Author / Originator,
GLEON,EML,04060-metadata.xml,Bounding Box,
GLEON,EML,04060-metadata.xml,Contributor Name,
GLEON,EML,04060-metadata.xml,Easternmost Longitude,
GLEON,EML,04060-metadata.xml,End Time,
GLEON,EML,04060-metadata.xml,Entity Type Definition,
GLEON,EML,04060-metadata.xml,Keyword,
GLEON,EML,04060-metadata.xml,Metadata Contact,
GLEON,EML,04060-metadata.xml,Northernmost Latitude,
GLEON,EML,04060-metadata.xml,Originating Organization,
GLEON,EML,04060-metadata.xml,Originating Organization,
GLEON,EML,04060-metadata.xml,Process Step,
GLEON,EML,04060-metadata.xml,Publication Date,
GLEON,EML,04060-metadata.xml,Resource Access Constraints,
GLEON,EML,04060-metadata.xml,Resource Contact,
GLEON,EML,04060-metadata.xml,Resource Distribution,
GLEON,EML,04060-metadata.xml,Resource Distribution,
GLEON,EML,04060-metadata.xml,Resource Distribution,
GLEON,EML,04060-metadata.xml,Resource Format,
GLEON,EML,04060-metadata.xml,Resource Identifier,
GLEON,EML,04060-metadata.xml,Resource Title,
GLEON,EML,04060-metadata.xml,Resource Use Constraints,
GLEON,EML,04060-metadata.xml,Southernmost Latitude,
GLEON,EML,04060-metadata.xml,Spatial Extent,
GLEON,EML,04060-metadata.xml,Start Time,
GLEON,EML,04060-metadata.xml,Temporal Extent,
GLEON,EML,04060-metadata.xml,Theme Keyword,
GLEON,EML,04060-metadata.xml,Westernmost Longitude,
GLEON,EML,04061-metadata.xml,Abstract,
GLEON,EML,04061-metadata.xml,Attribute Definition,
GLEON,EML,04061-metadata.xml,Attribute Definition,
GLEON,EML,04061-metadata.xml,Attribute Definition,
GLEON,EML,04061-metadata.xml,Attribute List,
GLEON,EML,04061-metadata.xml,Author / Originator,
GLEON,EML,04061-metadata.xml,Author / Originator,
GLEON,EML,04061-metadata.xml,Bounding Box,
GLEON,EML,04061-metadata.xml,Contributor Name,
GLEON,EML,04061-metadata.xml,Easternmost Longitude,
GLEON,EML,04061-metadata.xml,Entity Type Definition,
GLEON,EML,04061-metadata.xml,Metadata Contact,
GLEON,EML,04061-metadata.xml,Northernmost Latitude,
GLEON,EML,04061-metadata.xml,Originating Organization,
GLEON,EML,04061-metadata.xml,Publication Date,
GLEON,EML,04061-metadata.xml,Resource Access Constraints,
GLEON,EML,04061-metadata.xml,Resource Contact,
GLEON,EML,04061-metadata.xml,Resource Distribution,
GLEON,EML,04061-metadata.xml,Resource Distribution,
GLEON,EML,04061-metadata.xml,Resource Format,
GLEON,EML,04061-metadata.xml,Resource Identifier,
GLEON,EML,04061-metadata.xml,Resource Title,
GLEON,EML,04061-metadata.xml,Resource Use Constraints,
GLEON,EML,04061-metadata.xml,Southernmost Latitude,
GLEON,EML,04061-metadata.xml,Spatial Extent,
GLEON,EML,04061-metadata.xml,Temporal Extent,
GLEON,EML,04061-metadata.xml,Westernmost Longitude,
GLEON,EML,04062-metadata.xml,Abstract,
GLEON,EML,04062-metadata.xml,Attribute Definition,
GLEON,EML,04062-metadata.xml,Attribute Definition,
GLEON,EML,04062-metadata.xml,Attribute Definition,
GLEON,EML,04062-metadata.xml,Attribute Definition,
GLEON,EML,04062-metadata.xml,Attribute Definition,
GLEON,EML,04062-metadata.xml,Attribute List,
GLEON,EML,04062-metadata.xml,Author / Originator,
GLEON,EML,04062-metadata.xml,Author / Originator,
GLEON,EML,04062-metadata.xml,Bounding Box,
GLEON,EML,04062-metadata.xml,Contributor Name,
GLEON,EML,04062-metadata.xml,Easternmost Longitude,
GLEON,EML,04062-metadata.xml,End Time,
GLEON,EML,04062-metadata.xml,Keyword,
GLEON,EML,04062-metadata.xml,Keyword,
GLEON,EML,04062-metadata.xml,Keyword,
GLEON,EML,04062-metadata.xml,Keyword,
GLEON,EML,04062-metadata.xml,Keyword,
GLEON,EML,04062-metadata.xml,Keyword,
GLEON,EML,04062-metadata.xml,Keyword,
GLEON,EML,04062-metadata.xml,Keyword,
GLEON,EML,04062-metadata.xml,Keyword,
GLEON,EML,04062-metadata.xml,Keyword,
GLEON,EML,04062-metadata.xml,Keyword,
GLEON,EML,04062-metadata.xml,Keyword,
GLEON,EML,04062-metadata.xml,Northernmost Latitude,
GLEON,EML,04062-metadata.xml,Originating Organization,
GLEON,EML,04062-metadata.xml,Process Step,
GLEON,EML,04062-metadata.xml,Project Description,
GLEON,EML,04062-metadata.xml,Purpose,
GLEON,EML,04062-metadata.xml,Resource Contact,
GLEON,EML,04062-metadata.xml,Resource Distribution,
GLEON,EML,04062-metadata.xml,Resource Distribution,
GLEON,EML,04062-metadata.xml,Resource Distribution,
GLEON,EML,04062-metadata.xml,Resource Format,
GLEON,EML,04062-metadata.xml,Resource Identifier,
GLEON,EML,04062-metadata.xml,Resource Title,
GLEON,EML,04062-metadata.xml,Resource Use Constraints,
GLEON,EML,04062-metadata.xml,Resource on-line Link,
GLEON,EML,04062-metadata.xml,Southernmost Latitude,
GLEON,EML,04062-metadata.xml,Spatial Extent,
GLEON,EML,04062-metadata.xml,Start Time,
GLEON,EML,04062-metadata.xml,Temporal Extent,
GLEON,EML,04062-metadata.xml,Theme Keyword,
GLEON,EML,04062-metadata.xml,Theme Keyword,
GLEON,EML,04062-metadata.xml,Theme Keyword,
GLEON,EML,04062-metadata.xml,Theme Keyword,
GLEON,EML,04062-metadata.xml,Theme Keyword,
GLEON,EML,04062-metadata.xml,Theme Keyword,
GLEON,EML,04062-metadata.xml,Theme Keyword,
GLEON,EML,04062-metadata.xml,Theme Keyword,
GLEON,EML,04062-metadata.xml,Theme Keyword,
GLEON,EML,04062-metadata.xml,Theme Keyword,
GLEON,EML,04062-metadata.xml,Theme Keyword,
GLEON,EML,04062-metadata.xml,Theme Keyword,
GLEON,EML,04062-metadata.xml,Westernmost Longitude,
